frame_nb,letter_count,pixel_norm_diff,hist_norm_diff,x_flow,y_flow,nb_flow_points,is_credit
10,4,9923.218832616763,20035.57271454949,6.965274,-2.7413733,25,False
20,37,16992.26526982203,19711.356929445523,-1.8170238,-2.591481,24,False
30,50,22594.426303847595,11939.598318201497,16.284101,-23.846954,15,False
40,66,21803.77166914018,7103.779416620423,4.6971154,-11.666339,16,False
50,41,13461.021506557368,8803.995343024666,1.5640086,-2.061166,24,False
60,47,30965.358337987953,18476.60434170738,-2.3781579,7.177364,24,False
70,5,22656.476645762905,19167.691462458384,5.29345,-7.0811005,22,False
80,55,50506.68544856215,45864.2621220488,-9.260409,18.809467,20,False
90,66,16411.479610321552,5097.5860953984875,2.6207142,-9.614863,16,False
100,61,12658.73797027176,9103.74626184188,-0.7368447,11.148676,14,False
110,49,13560.281966094954,16527.84045179527,-0.45723265,7.140558,15,False
120,37,22666.032295044493,10632.302384714234,15.1508465,-23.941801,18,False
130,0,46685.4274051336,281579.92773988703,33.87522,-19.271425,15,False
140,45,40282.87764050627,63915.798594713655,-1.4608326,-17.069431,8,False
150,83,12216.142230671678,37463.14992095566,0.031850178,0.5140618,9,False
160,40,22265.678633268737,29478.709028721052,21.202473,20.388151,11,False
170,54,19038.099379927608,32781.43459337922,9.955673,-17.879385,12,False
180,38,11737.748506421494,24374.022154745,0.3568077,8.681562,4,False
190,65,11730.87268705956,12696.923564391494,-1.5687637,-2.2626202,6,False
200,67,10824.11525252757,13198.786232074524,-1.0548286,0.63116455,4,False
210,11,20840.335074081704,245528.49400426014,-1.8460897,-10.443862,6,False
220,13,31147.774254350825,24305.97391589154,10.218847,-25.390692,17,False
230,25,30109.245805898227,10096.210675297936,11.46473,-5.875557,28,False
240,26,26514.17111659348,7254.01254479202,9.100145,11.624178,20,False
250,20,17055.765242286845,5072.106662916307,10.980667,-1.7970381,17,False
260,56,29431.009734631938,63389.28406284456,8.124023,9.333907,18,False
270,56,32644.156046680087,123244.13229845873,-0.8041916,9.214539,12,False
280,58,28225.875274293976,31705.124916959405,-13.509392,10.884783,28,False
290,41,12192.381391672425,14606.839699264177,-0.3292694,-7.400408,8,False
300,48,24473.947025357393,26537.091739676373,3.3118591,-28.650398,9,False
310,54,11355.992118701033,18089.453446690975,-0.00038604735,-0.00026779174,10,False
320,87,17484.74352113865,18103.00317626885,-20.662363,-0.6601591,8,False
330,84,20303.899723944658,14409.731433999734,1.2895005,14.830811,10,False
340,42,82441.662034435,121630.80682129836,3.9803555,6.1445274,12,False
350,47,13215.446038632219,12273.0130774802,-0.5223419,-0.70844114,5,False
360,55,6283.836009954429,8995.67251515972,-0.5544205,-0.07695484,8,False
370,38,21557.43421652957,21063.488552469174,-2.9128048,6.7421885,7,False
380,79,23547.14180107641,7001.761064189494,2.7396414,0.06188202,7,False
390,53,18328.60458409205,52120.33138804856,-3.5944908,-0.4397583,11,False
400,236,42478.0251895024,151847.3293146771,8.015811,-2.8769462,10,False
410,39,34355.89467616875,26422.282868821156,-12.129856,-5.956893,8,False
420,28,22316.07978566128,19710.85736339239,-4.92187,-8.26474,13,False
430,32,10895.165716959058,22758.16802820473,4.4836144,-2.1020694,26,False
440,93,39710.24705287037,38156.20138326141,-3.2299047,12.026263,29,False
450,166,20811.69726379855,73522.51083851802,6.4107866,-0.21976367,22,False
460,151,14454.18669451865,50834.66730490129,2.8348572,2.1424456,25,False
470,57,51512.44839842113,132028.508489644,-8.337487,1.2263074,40,False
480,33,38950.50665909238,34909.831423253825,-25.063639,-7.9717712,23,False
490,40,39639.02347434911,103662.01146996907,1.3415314,-1.9297918,15,False
500,20,14384.031597573749,19538.185125543263,11.452176,-4.785736,29,False
510,56,20470.790092226533,11833.041789835781,-7.4395437,3.8690197,35,False
520,62,8745.68842344615,5330.696202185977,-0.016860962,-0.012683868,2,False
530,64,17613.992420800005,6773.260809979193,20.344574,-1.6168251,2,False
540,64,14134.344095146404,10560.842106574646,-0.0014190674,0.018936157,2,False
550,38,21875.888713375738,52335.97957428522,-4.8154297,2.5458577,6,False
560,28,16110.11635588024,35672.81045838693,0.22072347,-1.3910065,3,False
570,45,28265.845644523004,173357.67816857723,-19.271446,11.926592,8,False
580,45,5631.243823526024,21702.870317080182,-0.0029841831,2.1433356,7,False
590,45,2687.1657931731716,16972.54742223453,0.20821635,0.06518427,6,False
600,45,5067.46613210192,47665.83065467337,0.6098938,-1.8411362,10,False
610,51,1762.234944608692,73697.5878845434,-0.013130188,0.097390495,6,False
620,16,19200.896932174808,43635.887042662485,-2.5727131,26.011328,6,False
630,28,25792.124825225237,13564.702060863703,20.472563,26.328247,8,False
640,26,28994.768924756067,15339.319476430497,16.725111,-27.229713,11,False
650,20,23438.732303603792,61092.91125818117,4.969167,24.357523,6,False
660,16,38389.760014878964,19799.973333315374,13.239348,-5.463563,13,False
670,36,14409.380937431004,29132.309245921442,17.07035,35.903927,15,False
680,11,61938.53448379288,238599.55536840382,-1.3880081,22.11444,2,False
690,18,22320.703349133066,20743.682218931142,0.0,0.0,0,False
700,38,21549.619416592952,3382.073919949119,30.402328,36.98218,4,False
710,8,20921.139524414055,6403.117365783638,14.312902,6.8996763,5,False
720,36,20461.639083905276,16957.582728679226,-18.215622,30.086771,8,False
730,21,20923.498751403888,21022.36304510033,-3.194641,55.76764,1,False
740,7,16659.912244666837,25724.063675865833,-11.316498,-16.720108,1,False
750,39,20344.455215119426,20193.586308528756,21.54248,3.6917164,15,False
760,21,21916.965392134014,5183.340235793904,9.331378,-27.412289,5,False
770,49,23088.2583362193,5568.129129249788,-4.1620264,18.816023,7,False
780,58,11493.109239888046,7696.61094248631,0.26061097,0.35853425,5,False
790,46,15368.421584534959,10875.390567699167,8.288704,1.2306519,4,False
800,33,13004.54063010301,25699.469955623597,4.435488,10.345182,7,False
810,33,21334.30987869071,43818.591282696434,40.50772,56.379833,19,False
820,51,57616.31424345018,241937.4500485611,-1.0645599,35.43422,2,False
830,23,15533.453318563776,27795.835839204403,-15.982593,55.75472,3,False
840,40,15809.277054944669,69343.35255812196,11.703659,46.499016,2,False
850,23,12467.323770561186,71785.20516095222,-9.136108,24.037554,3,False
860,31,9774.291227500846,110409.68575265487,0.29938498,1.4363663,75,False
870,37,8339.284741511108,93037.53629584138,4.92098,4.0385385,3,False
880,49,10837.103948933958,20562.15679348837,-1.3959808,-3.6243439,2,False
890,12,10582.051029927989,111976.64886037624,2.3375854,9.219334,4,False
900,6,9211.960920455536,14697.727035157512,8.466104,4.289985,79,False
910,10,9668.052802917451,37633.84734517586,2.400504,1.564601,68,False
920,23,81990.79101947974,234746.23228925315,5.019173,-10.2042,66,False
930,59,23966.13930110563,91077.05167603967,20.61462,-12.343375,29,False
940,62,37950.48576764203,15628.640759835771,-8.4829035,-0.3324402,15,False
950,82,34247.49237535502,15857.87905112156,-4.987979,1.1424204,23,False
960,21,48164.38101958749,35546.58160780021,3.6120758,-3.335844,24,False
970,43,36557.64995182267,9785.671668311787,-3.5528514,-8.773881,12,False
980,52,32952.54789845544,36656.50534352668,4.431349,0.4379903,17,False
990,22,36472.20630836583,28534.304477242826,4.1576104,11.251639,7,False
1000,54,33217.536332485586,25007.9183060086,-0.015154521,-3.4922416,12,False
1010,22,21513.180634206557,22956.90240428791,-0.0006242232,0.013673262,11,False
1020,19,5440.479114930963,16075.585401471388,-14.252514,-8.094793,11,False
1030,23,15502.06344329683,40051.494803565074,15.9399805,13.887414,18,False
1040,23,21795.646101916776,36648.31816059231,73.606415,-0.091004945,10,False
1050,21,20664.724677575552,5614.9409613993275,-9.455681,-8.03723,12,False
1060,19,15047.88230948129,86985.44708168143,-3.6066227e-05,-0.00011374734,11,False
1070,17,671.8310799598363,27685.575161083434,-0.00033846768,-4.022772e-05,11,False
1080,15,1083.8473139700075,28640.021368707112,-0.0059758965,0.0070176558,11,False
1090,16,528.9499031099259,12168.300703056282,-1.10973015e-05,-0.00023165616,11,False
1100,15,527.4030716634101,24791.878186212518,8.322976e-06,-0.00025523792,11,False
1110,15,25162.15276958631,213239.37590417019,-10.301688,-8.543716,11,False
1120,5,16451.900619685253,6690.163974074178,-2.03249,-4.76711,23,False
1130,35,12657.617469334424,14932.886057289796,38.606026,6.0484695,2,False
1140,14,17297.33545954405,4439.605613114751,-9.932956,-2.2689874,31,False
1150,6,16462.23863877571,15576.240817347425,-7.6205106,3.8931222,23,False
1160,11,12464.894624504454,15837.83754178581,9.637702,-0.4215145,8,False
1170,16,12399.596283750532,11921.95596368314,-6.659188,1.6260073,29,False
1180,115,22284.503988197717,162436.9474719345,-32.13298,67.87446,16,False
1190,124,10257.418973601498,9129.048362233601,0.5581462,0.5252126,3,False
1200,151,12799.516631498238,24527.244239824417,3.5867553,-3.0481186,5,False
1210,148,14080.153017634431,8553.326370483006,-2.3506074,0.98806304,5,False
1220,138,13954.523460154416,29257.01454352443,5.063327,-6.2659807,5,False
1230,121,15372.736386213093,16205.00515272982,-3.231006,0.27398986,5,False
1240,111,14140.021569997692,16725.313210819102,-3.0024261,-6.6513867,7,False
1250,122,15711.100948055804,7027.685536504889,1.268076,3.10072,18,False
1260,126,16704.804189214552,17117.265903175074,-0.15402876,11.36723,7,False
1270,84,18846.617256155016,17712.048159374455,-2.0405257,13.4666,9,False
1280,125,18550.234284234793,10549.04355854122,0.63217926,3.4497595,30,False
1290,133,12870.064218954,34329.052011379514,-2.9370575,3.088609,6,False
1300,132,2786.9833153429536,10315.563581307615,-0.676355,-0.24433593,5,False
1310,125,1342.167649736798,30207.193547233084,-0.00022277833,0.030541992,5,False
1320,119,35036.979336124285,52808.524936794056,-30.33823,52.230915,5,False
1330,113,1655.2178104406682,3660.8859583439635,-0.0032722906,-0.045159377,53,False
1340,97,1386.2618800212317,14673.561258263107,-0.013367825,-0.029035443,61,False
1350,144,2778.793083336721,34766.81268106123,0.028760565,0.11521591,61,False
1360,116,2106.1099211579626,26045.841664265718,-0.015913311,-0.045396086,57,False
1370,110,9518.45864623049,32692.41869302423,0.09406571,0.99210525,63,False
1380,128,52243.27712730127,56721.58613790697,8.490058,7.997487,59,False
1390,122,16617.518797943332,35470.79894786696,0.801178,-20.191744,6,False
1400,143,17479.13765035335,41113.33321442084,-1.070575,-4.7377367,5,False
1410,137,4469.53274962831,43848.51789969645,-0.005881173,0.010173253,7,False
1420,148,3899.4103400386066,29405.8529888184,0.002153669,0.0032414028,7,False
1430,137,4610.056507245871,9530.257709002417,0.054225378,0.41197205,7,False
1440,142,5379.6274963978685,26413.110418881,0.0027313232,0.01259613,5,False
1450,138,3907.906216889039,30798.522464559886,0.089449205,0.40114266,7,False
1460,152,4611.095422998747,4793.489543119918,-0.0014305115,0.005344391,4,False
1470,129,4297.513583457299,41129.471598842596,-0.0004787445,-0.011341095,8,False
1480,136,3819.467633060922,32530.373437758135,9.155274e-06,9.6130374e-05,5,False
1490,133,3951.33774815568,3625.4492135458195,0.00018615722,0.0022659302,5,False
1500,100,16793.74026237157,35282.69360465553,3.8086472,18.178875,8,False
1510,119,5262.954113423373,17027.074969001576,-0.2261217,-0.12712437,9,False
1520,108,4537.721234276077,17675.846514382276,-0.044742584,0.0696497,8,False
1530,83,26435.468919616313,38434.83222286784,1.8290797,-7.6152167,14,False
1540,91,33893.95208588104,47412.21686443274,-0.39506057,-6.764748,61,False
1550,78,36320.880138014276,6184.829342835581,6.348421,-10.053621,73,False
1560,43,33112.387666853625,5555.421136151606,3.3962913,-4.903338,80,False
1570,50,37334.07380664478,11869.027845615663,-7.802999,1.0045369,23,False
1580,57,39724.85326593416,12391.674301723719,-1.2020206,-2.9197187,51,False
1590,41,35334.3881792228,14376.335207555505,-4.2329526,-1.2578154,54,False
1600,55,52928.729665466184,68464.9995106989,10.044134,-7.953739,46,False
1610,57,39290.60116618223,43579.55337081829,-0.0019592284,-0.0014663696,20,False
1620,37,27063.236133175204,7314.373247244086,0.083737805,1.6011825,22,False
1630,123,28840.96598590276,86459.75787613564,3.419702,-2.8033996,20,False
1640,118,24240.078527100526,6486.117482747287,2.4711132,3.4816458,63,False
1650,116,21844.145851921057,11494.167216462443,2.4541159,-0.8067214,70,False
1660,124,15314.418239032131,16172.638003739527,1.4941934,0.031955622,97,False
1670,88,31464.695803392093,34172.359561493555,-3.9966269,-1.9213222,61,False
1680,104,33198.61736578799,26582.098487515992,-0.9379985,-2.6094878,99,False
1690,115,31470.788598317646,11961.611680705908,0.6956024,5.957613,87,False
1700,126,31301.002875307368,23582.844357710543,4.0668273,-3.5017638,100,False
1710,106,31883.5934612145,10659.598116251851,2.904649,3.6479638,95,False
1720,112,26057.80898310524,8502.630651745376,4.6217003,-5.4850826,100,False
1730,105,23284.810070086463,9255.744702615775,2.7719295,2.9800317,71,False
1740,111,4219.849523383506,8671.794739268222,0.0944576,-0.049921226,100,False
1750,53,56099.5973514962,47183.45273504261,1.9197838,12.779039,63,False
1760,38,14834.233414639262,6357.346459018889,2.8015757,5.0255213,23,False
1770,64,8778.979496501857,5239.338698729068,-0.54163325,-0.5842492,77,False
1780,66,15082.247180045817,4809.360456443247,-0.30032897,-1.9162558,25,False
1790,83,20658.379099048405,9510.809113845151,0.95363,-1.3574815,21,False
1800,93,12671.756389703836,10194.350396175325,0.22763601,-3.12143,29,False
1810,98,4418.395975917052,5015.148253042975,-0.010894775,0.025586216,11,False
1820,121,51356.91904699892,54124.61142585691,-4.993879,18.119926,12,False
1830,126,15987.079470622519,7670.4324519547135,-0.5102497,-0.464907,65,False
1840,135,15802.144822776432,11727.530345302885,0.023298535,9.400681,14,False
1850,114,18251.571000875512,15952.52675910622,-1.62386,9.049974,20,False
1860,127,14510.910171315925,7775.639266324024,0.9713866,3.0333838,78,False
1870,173,22476.329927281276,12838.44943908726,-3.524376,6.656549,12,False
1880,191,6511.356847846691,6343.627826409743,-0.0016056799,0.00094499893,31,False
1890,226,8910.296235255033,3708.1690899957625,0.5229792,0.6304474,32,False
1900,221,2984.225025027436,4149.050252768699,-0.0006436887,0.0006775234,23,False
1910,179,11185.73193850094,2683.2297702582237,2.610918,-0.20070109,23,False
1920,178,4789.743208148011,3640.5414432471443,0.010245123,0.0062330724,100,False
1930,185,3138.3842976920464,5318.804000900955,-0.0027452551,0.046904355,23,False
1940,179,2668.024550111936,14156.94889444756,0.0023329598,0.00029609317,21,False
1950,196,23143.341807094326,11697.00585620098,-4.0391817,1.8800982,21,False
1960,121,31996.317710011568,12922.922502282523,10.194082,-12.415732,14,False
1970,177,32112.509711948707,12954.536039550008,-8.060045,-6.2366166,15,False
1980,197,30045.108786622823,10495.490746029935,-0.73290485,7.1928415,18,False
1990,205,7069.301026268438,12803.782722305155,1.4072077,-0.19576253,19,False
2000,195,5602.6882833154295,17484.46825042157,0.0015536717,0.37118736,35,False
2010,204,4024.6792418775435,4986.253703934448,-0.0062746685,-0.012073072,30,False
2020,188,9611.831875350297,11158.06085303356,-0.062252283,-0.40876228,32,False
2030,174,11462.510196287722,5622.881645562175,1.2124305,1.7409742,32,False
2040,171,3838.7335151062516,3457.491287046144,0.0028620402,0.015657807,30,False
2050,184,6921.425142266584,11141.31257976366,0.23283088,0.23177755,32,False
2060,175,11565.827985924743,18271.732977470965,0.5161204,2.7784553,28,False
2070,189,16150.123745655945,11695.373016710497,-1.7388628,-1.7400562,28,False
2080,186,11689.790545600037,4705.453644442797,-1.0056654,-0.9736355,28,False
2090,89,41560.78538718921,62820.10811834058,5.639325,9.558948,29,False
2100,89,3116.4749317137143,6814.139270663611,0.053576153,0.11521648,30,False
2110,100,4577.745842660993,11877.64648404725,0.34524778,-0.40821218,22,False
2120,75,21261.577951788997,20400.30338009707,-3.8131673,5.7567077,30,False
2130,73,19349.278927133175,20937.282201852275,4.6412244,1.0302248,29,False
2140,77,967.7732172363524,7333.939459799215,-0.0015982492,-0.0017906189,35,False
2150,65,3797.4674455484146,59165.56632028464,0.052159708,0.021653498,31,False
2160,73,6298.349942643708,29073.181284475904,0.0055566602,0.031630285,31,False
2170,96,23027.889047848046,40517.58354097638,-8.176397,1.4186071,35,False
2180,193,51742.900469533015,76081.66968462245,13.871979,0.36049986,32,False
2190,199,3857.4658780085147,13405.890347157103,-0.00036875406,-0.0017236074,12,False
2200,200,2859.799468494251,6377.528674964935,-0.0010792125,0.0009529807,11,False
2210,205,3264.095586835655,21263.889108062995,-0.0062477808,-0.017890237,11,False
2220,203,3721.7323923140953,20066.6307087164,0.0016547309,0.01115587,9,False
2230,193,4437.40092847153,3943.311806083815,0.122651845,-0.61011,9,False
2240,197,2941.5154257627137,21867.100950971988,0.0012953974,-0.0019604468,31,False
2250,188,3797.950104990849,18908.46905489707,0.0037345886,0.0020650432,31,False
2260,149,19656.07409937193,5876.052246193868,-4.204906,-0.77316344,33,False
2270,143,5700.342972137729,18711.48406727804,-0.3315024,0.007273046,41,False
2280,147,3893.0743635332733,17789.703313995993,0.12695362,0.029116785,31,False
2290,152,3987.9017039039463,5181.5206262254715,0.081241354,-0.04006265,30,False
2300,148,4896.519886613349,16052.694664759558,0.184717,0.35358378,31,False
2310,171,17344.725999565402,13653.641565531154,1.6929111,3.3103101,98,False
2320,207,16142.86498735587,9456.21118630501,1.6610073,1.2528149,25,False
2330,114,68208.84516688433,57371.60757726769,-8.017475,-7.3809795,25,False
2340,99,2115.4332889505167,5572.515231024497,0.00065013213,-0.0040069157,54,False
2350,100,1140.2289243831697,2455.860745237808,0.0002867612,0.011112976,55,False
2360,103,383.2270867253514,7906.674901625841,0.00031294388,-0.011441803,55,False
2370,111,1299.7280484778344,7441.159049502974,-0.0022778034,0.00051893754,55,False
2380,108,383.28448964183247,2371.208552616155,1.6944749e-06,0.00022394316,56,False
2390,110,389.7024505953228,4125.38119450797,9.245532e-05,0.0003115109,56,False
2400,103,1682.002675384317,7772.072825186341,0.0039131558,-5.0817216e-05,56,False
2410,92,29824.414294332757,10841.361169152147,3.2646372,1.6672134,52,False
2420,77,22174.691632579696,8498.424324543932,-0.20608203,-6.751406,75,False
2430,59,13228.934877759433,5531.538303220904,-1.5643375,0.97880495,56,False
2440,72,13175.387053138136,6960.518084165862,1.0164002,1.5068283,54,False
2450,74,11950.062593978326,3207.5657436754123,-0.47622547,2.0952733,48,False
2460,73,6619.874923289714,4559.768195862593,0.52103406,0.11624359,50,False
2470,103,14540.910838045875,6622.866750886658,-0.22963601,-1.7741864,53,False
2480,204,40514.52649359239,53700.50683187264,-3.8789177,-7.677627,41,False
2490,218,8321.791994516565,14589.183184811958,-0.31525445,1.0943568,32,False
2500,218,12424.813720937631,7070.6460808047805,-1.264621,-0.29195058,22,False
2510,226,11163.110408842153,7968.361814074458,-0.48048943,0.14199392,31,False
2520,213,8185.608407442906,2520.491618712508,-1.1130589,1.3738109,14,False
2530,233,7944.2594997897695,2850.885125710961,0.07157866,0.2301689,24,False
2540,246,9318.020390619458,16146.333887294664,1.9153748,0.41778454,7,False
2550,201,8566.44412810823,20081.864554866414,0.011761474,-0.30105287,5,False
2560,208,3434.1782131974455,6588.333324900919,0.0014507587,-0.00819573,13,False
2570,229,3683.2734082606466,12991.42278582296,-0.15265782,0.07736906,12,False
2580,116,47696.33799360282,83192.23854422959,0.4641266,20.21368,8,False
2590,105,9700.27576927584,22367.39631696099,0.8890747,1.1283786,25,False
2600,96,15258.882527891747,31824.40098415051,2.2751453,4.887858,24,False
2610,39,16524.04608441891,20369.954295481373,-2.079619,-3.6844437,20,False
2620,93,13210.339549004788,14307.42254915259,-1.4623066,-0.13900316,38,False
2630,94,10326.274013408709,2045.3962941200416,-3.9979837,2.5387588,15,False
2640,69,14283.226211189123,9905.641523899398,1.231474,-5.4823284,17,False
2650,93,16089.445826379479,9871.164166399018,0.7333666,-3.6024096,23,False
2660,75,8516.838263111493,30029.66822993554,3.2842858,1.3114885,21,False
2670,84,9619.552588348379,5882.932772010912,1.9803187,-0.5706336,24,False
2680,102,12342.77108270262,4917.315527805797,0.86704934,-0.9965367,18,False
2690,99,12247.208661568562,7195.3158374042205,1.5189849,7.1096797,26,False
2700,71,14683.503362617519,36800.33855822525,-2.5651696,2.282837,24,False
2710,200,49774.1967790541,59893.93486823186,-14.166449,-12.889277,14,False
2720,192,13647.136402923508,5331.908476333779,0.06920955,1.731162,100,False
2730,150,12940.379244828955,12997.644555841647,0.30593336,0.85929596,100,False
2740,165,15203.505944353756,6250.411506452995,-0.014200267,0.7026526,100,False
2750,173,16895.284933969004,17523.477223428003,-1.1850404,-0.67106766,100,False
2760,146,19439.777416421206,11293.408785659005,-0.08307442,-1.1940824,100,False
2770,166,16129.295706880694,11177.95679003994,-0.583915,1.7766794,95,False
2780,119,32570.641135845024,13053.67718307757,2.7699265,1.8990414,20,False
2790,78,38228.43334482856,19670.246210965433,0.7282901,-0.8605095,17,False
2800,90,40719.50322634106,12789.37355776271,-13.916068,7.867929,6,False
2810,81,38651.378655877204,19913.449726252857,-0.47888184,34.454136,5,False
2820,81,36601.188122791864,22336.139818688458,-0.07572937,36.50462,6,False
2830,117,23222.816237485065,18432.269746290065,-1.0464988,9.069939,18,False
2840,146,57843.18389404235,132645.40926093145,26.309729,60.47086,3,False
2850,141,6276.477276307149,6894.781649914666,-0.004869981,-0.005796548,33,False
2860,144,7868.028406151061,17959.955400835493,0.5921667,1.3656993,43,False
2870,185,22976.642900998395,12827.59509806885,3.7308881,-4.1232567,25,False
2880,182,26543.205439434023,14289.86724920844,-2.3291104,-0.42823923,35,False
2890,179,26352.41290660117,22302.46748680513,-3.496225,-0.9114867,39,False
2900,167,33988.78091370739,26106.288208016093,1.832105,-1.5153654,29,False
2910,189,37164.86859925648,22918.896221240673,-3.1633635,-4.416945,52,False
2920,270,24243.15744699935,18029.77443009202,3.3237712,-4.3676147,30,False
2930,285,16222.783238396549,6095.8505559109635,-2.967346,1.551063,38,False
2940,263,15407.16622224866,7534.176000067957,0.6687539,-0.46748272,28,False
2950,257,3458.7896727034445,10130.728996474045,-0.0005604426,0.0014979044,12,False
2960,266,2715.383766615688,7901.407849238008,0.07467651,0.033539407,13,False
2970,257,4898.435056219486,7049.377703031665,0.013525156,0.5880338,13,False
2980,251,6349.885747003642,8647.921368745208,-0.033176716,-0.2400319,13,False
2990,237,7329.230450736284,13177.971467566622,3.2111056,0.1899962,11,False
3000,235,5739.2005540841665,18074.928768877624,-0.0028389825,0.0009273953,9,False
3010,236,5950.128401975877,12984.98109355574,0.33740374,0.066526935,11,False
3020,245,4170.368568843766,16216.52231521913,-0.2756319,0.13637713,36,False
3030,222,4387.083997372287,14418.33728277987,-0.20720603,0.26717445,33,False
3040,227,2885.5569653014995,12703.079862773437,0.014367421,-0.09819146,33,False
3050,221,11342.396836647888,18065.958042683484,-0.14212847,-0.14380574,32,False
3060,245,6037.112886140196,14174.950581924439,0.008224487,-0.08719296,9,False
3070,242,2566.00876849632,9706.653594313542,-0.0018190657,0.00073950633,14,False
3080,240,2542.7123313501274,8485.913386312637,-0.0030787785,0.029258728,12,False
3090,251,3823.555413486249,12207.72779840704,-0.0022520586,0.08146182,11,False
3100,263,2230.0372194203396,10844.938819560026,-0.0011580786,-0.03754425,12,False
3110,265,2405.431977836829,4263.4199886945225,0.00010517665,-0.00787626,14,False
3120,245,4145.746133086299,6422.861356124698,-0.005973271,0.013081142,14,False
3130,247,2145.1762165379328,6107.079825906978,-0.0005431542,-0.001962515,13,False
3140,217,29044.95295227727,27173.40368816538,10.421088,-14.268835,13,False
3150,176,24489.489214763136,7734.019912050912,-3.583727,3.0632458,31,False
3160,209,23878.174406767364,8592.88263622866,-0.9600518,1.4733369,31,False
3170,249,14953.245901810082,2160.1972132192004,-0.106914744,0.21594527,34,False
3180,259,5257.495886826731,4691.538340459342,-0.0049339295,-0.0021112442,35,False
3190,259,5704.746181908535,53376.469216312915,0.0008939107,-0.0020003584,36,False
3200,258,4987.397718249468,54248.1452586169,-0.0006594128,0.0024534331,36,False
3210,232,19437.24026193019,5385.361640595736,-1.2609955,0.92355764,33,False
3220,233,4330.103924849841,9988.252099341506,-0.00041559007,0.00021741126,36,False
3230,246,6752.110929183555,13653.31732583697,-0.00015650855,-0.001061413,36,False
3240,246,5119.711612971965,7456.620548210832,0.577045,0.66836363,36,False
3250,238,4657.450912248029,3639.3419734891636,0.00056664605,0.0014970507,35,False
3260,243,4765.065372059443,6808.063454463391,0.0012758528,-0.0018349239,35,False
3270,234,5936.595067881925,4094.7302719471036,-0.006237479,0.009459832,34,False
3280,232,4336.41430216256,1556.9585736300114,4.3051583e-05,-8.337838e-06,35,False
3290,257,21444.182754304253,3096.3307316887194,0.71038926,2.8885272,35,False
3300,264,7074.758794474904,5178.468499469704,0.0073845806,-0.00512067,34,False
3310,268,4402.74539350165,12199.198580234686,0.4772874,0.73407596,36,False
3320,280,4505.250159536094,13241.708802114628,-0.00022506714,-0.000447246,35,False
3330,259,4669.642491668928,5403.810877519679,0.001070622,0.0002599171,35,False
3340,252,6263.539654221086,3574.117793246328,0.0017371707,-0.0044197505,36,False
3350,238,59817.54618838857,27908.238246080673,4.6232114,-11.959415,34,False
3360,262,3095.2809242458106,7060.90574926475,-0.008219206,0.0033164392,13,False
3370,261,2081.151364029056,9267.122422845185,0.0007256728,0.0007916964,13,False
3380,241,8638.18250559688,14145.960836931508,-0.90514255,0.12259674,13,False
3390,227,10225.135793719319,23461.76400017697,-0.3455845,-0.34419376,77,False
3400,232,2538.8538752752197,21447.174825603488,0.012455368,0.027065786,30,False
3410,241,11828.559675632532,8017.042472133972,1.3756499,2.257734,25,False
3420,229,12387.621079125725,15177.737183124498,-0.008340155,-0.005140032,28,False
3430,235,8402.576331102266,5903.00770794008,-0.44657212,0.10553614,30,False
3440,251,6809.887223735794,12376.348734582425,0.08262695,-0.23216338,50,False
3450,239,3732.10182069032,19786.194227288885,-0.0023214167,0.005460566,11,False
3460,234,2277.6422019272472,11911.916470492899,0.001625061,-0.024745306,12,False
3470,244,2707.833266654356,11135.981681019415,-0.011332219,-0.0024048733,52,False
3480,255,11947.253701164967,5096.002354787525,0.75673497,2.3396988,13,False
3490,229,15101.455294109903,20458.84972328601,0.85747564,-0.26270217,10,False
3500,236,3674.86693636654,22762.373074879517,0.017548962,0.029541016,31,False
3510,224,3127.032299161619,22922.803449840074,-0.00023064247,-0.0063021732,26,False
3520,215,5939.472282955785,9649.566726024543,0.060383126,0.21445692,27,False
3530,224,8634.503286234825,8653.706720244221,-0.00085080904,0.0015429793,29,False
3540,83,52181.98647042866,45355.2450550099,-10.896831,4.015117,30,False
3550,63,1176.2814289106157,13148.049132856175,-0.022282215,-0.03878232,47,False
3560,80,4123.874634369963,23772.51837731964,0.013354301,-0.021116892,48,False
3570,97,12001.616682764035,19556.55711008459,-0.4376336,-0.065081336,47,False
3580,88,13833.600182165163,11950.222759430051,-0.90267605,0.24685147,49,False
3590,86,421.0023752902114,27521.80847982196,-0.00013608711,-0.0007521164,43,False
3600,87,1459.3251865160144,9474.494920574922,-0.003999537,-0.0030063281,44,False
3610,79,981.1483068323565,5939.861782903707,0.0038829804,-0.0006932259,40,False
3620,88,3216.8692855010445,13929.517866746142,-0.00017380714,-0.00036489964,32,False
3630,87,1398.2800148754184,30994.17122621607,0.0007335663,0.0058206557,40,False
3640,52,13749.568756873796,9926.323287098803,-5.1302342,-0.14078267,39,False
3650,78,13653.741245534135,42611.68771593071,-0.8447477,0.36220506,50,False
3660,80,1522.521921024456,38819.1930106745,-0.0054328386,-0.005414741,43,False
3670,82,379.5932033111236,12107.537487036743,0.00047603872,-0.00018470232,43,False
3680,0,48271.44101847385,163007.23210336405,-2.3974385,-4.8268533,43,False
3690,32,35263.17821751182,71306.0288054243,-5.1628366,-13.234632,6,False
3700,42,22360.785317157355,39601.11687818918,-2.9453287,-7.387154,17,False
3710,39,3200.1906193225427,3357.4850707039636,0.005625108,0.02244927,17,False
3720,42,2952.892649589551,8360.008851669954,-0.10695801,0.6059616,15,False
3730,41,360.71595473446973,2035.861488412215,0.0011935764,-0.0010231866,18,False
3740,39,352.81014724636253,12088.476992574375,-0.00071402156,0.00019746668,17,False
3750,54,6310.2933370802975,18307.396264897965,1.565344,2.7851486,17,False
3760,42,7575.243692449768,4649.020972204793,-0.64053726,-4.0095215,18,False
3770,38,2867.8131040916874,2057.3327392524525,-0.018396266,0.0780137,17,False
3780,46,1060.1367836274715,8952.776552556195,0.021483611,-0.06429939,20,False
3790,49,290.0603385504471,9334.156630354988,-0.00036705864,-0.0004102919,18,False
3800,218,13817.54732215526,124248.76742245776,-7.810635,-16.531324,18,False
3810,227,4587.873690501952,18050.502098279703,4.6077526e-05,0.0026594799,57,False
3820,224,6093.135481835276,6717.928252072956,0.00053587114,-0.00041730286,61,False
3830,227,5223.4673350179955,9370.90475888001,0.00064962415,-0.0004413167,61,False
3840,249,4197.790728466583,10472.39829265484,-0.002763592,0.004215631,61,False
3850,248,2435.8700704265816,3640.0266482541033,0.00026130676,-0.00036402218,61,False
3860,201,27781.202295797062,6651.767283962962,-4.145135,1.1318309,60,False
3870,198,19890.06975855037,23412.80051595708,-0.41480958,3.5378442,50,False
3880,211,4569.114793917965,28914.250396646978,-0.0005521607,0.00085168134,57,False
3890,185,6850.471662593752,922.0054229775441,-0.18319893,0.16378231,58,False
3900,203,7185.183713726463,18125.634719920843,0.00091362,-0.0009919653,53,False
3910,206,5070.146250356098,3844.1118610154936,-0.00031530208,0.0005543622,55,False
3920,70,72681.62636457717,61931.44781126952,11.008283,5.9960055,47,False
3930,67,1725.4692115479777,10151.703896390989,0.0034368606,0.012944539,21,False
3940,66,409.14789502085915,10661.303954019884,7.98152e-05,-0.00049825816,26,False
3950,97,11554.062402462607,12208.137941553578,-1.3401008,-1.6756483,26,False
3960,56,1378.264851180643,17874.739886219322,0.014908547,-0.043562777,43,False
3970,70,4671.057803110554,2948.305954272724,-0.009697375,0.0023583123,46,False
3980,62,17065.883803659275,16836.37561947345,1.3654791,0.9847775,45,False
3990,56,21281.80875771606,32031.644135136117,-9.398588,6.099418,36,False
4000,52,506.3664680841337,19744.198540330777,-0.00015693487,0.0011490223,43,False
4010,52,419.99285708211755,7780.378782552942,-0.001795303,0.00084393524,43,False
4020,49,1435.675799057712,9022.35113482068,0.003212596,0.0027868582,43,False
4030,77,10162.06686653852,6606.603060575079,-0.4660256,-0.32705653,42,False
4040,68,3999.962624825387,65804.81917002736,-0.00062378246,-0.02057592,48,False
4050,26,44994.40588562094,125035.87771515822,-6.7627287,-19.769283,44,False
4060,27,407.59784101489055,2672.9332202657065,-0.00070874445,-0.0011591418,29,False
4070,27,669.4266203251855,5987.70223040525,-0.00045223895,0.00095788366,29,False
4080,23,31245.405726282384,38715.69376880647,-0.005286644,-0.0016258503,29,False
4090,23,13849.004765686233,13717.379414450852,-1.434525,1.2693372,32,False
4100,23,9190.19918173703,14183.947687438784,0.55359674,0.27149534,32,False
4110,23,1321.69436709097,3942.432497836837,-0.0010826588,-0.0013906956,32,False
4120,22,383.8450208091802,1420.5914261320881,-0.0023907076,-0.00034775274,31,False
4130,22,339.5290856465761,2853.3496105454724,0.00015086512,-0.00036374983,31,False
4140,238,47976.866331597776,75309.11015275642,13.638166,-23.148806,23,False
4150,241,2304.7351257790992,9471.347105876755,0.00075149536,-0.0018223354,21,False
4160,258,2094.3815316221635,7118.941775292168,0.0021807353,-0.004930042,21,False
4170,244,3765.4072820878223,19136.5662019078,-0.0014358867,0.055590544,22,False
4180,251,2523.950078745616,19281.356228232493,-0.0021018982,-0.005545425,20,False
4190,238,2902.1922748157126,5991.046319300161,0.0015483432,-0.032501645,18,False
4200,273,3743.957531810424,5255.624606076808,0.0036300211,0.02581428,34,False
4210,275,2707.2938518010933,22312.824922003936,3.8950067e-05,-0.0012809351,19,False
4220,254,4580.858325685264,23866.20874793481,0.05407213,0.28344688,19,False
4230,228,3992.2512445987163,12054.648398024721,0.0031718086,0.006184746,17,False
4240,239,3135.1806965468513,9932.528076980201,-0.0021034589,-0.003959309,22,False
4250,238,2302.1240192483115,5403.707431014377,-0.001114065,0.0006661849,22,False
4260,258,13011.878880469185,4955.590580344587,-1.6545691,0.85342616,22,False
4270,258,6188.386300159355,9892.863791642943,0.05762329,-0.4994526,20,False
4280,248,4845.311961060918,19002.924459145754,0.0474839,-0.3593034,21,False
4290,244,4871.338111853867,8207.86671431743,0.02802887,-0.24498825,20,False
4300,243,14306.571916430574,23840.800238247037,4.3465595,4.3774605,21,False
4310,256,7014.796860921919,27465.188948922234,0.23258609,0.47420293,22,False
4320,250,8375.627618274346,10875.319489559835,-0.010743085,-0.045614805,17,False
4330,247,9968.099217002205,6646.212906610802,-2.3442206,0.4829586,20,False
4340,238,13738.285628126969,15094.620233712407,2.0654588,1.9353054,20,False
4350,256,17392.026161433867,13059.278234267007,-0.18917115,-0.20326264,48,False
4360,212,11867.123619479153,2821.0349164801205,-0.6638979,1.5901114,26,False
4370,213,21535.034037586287,11509.255840409493,4.3753624,-0.18334259,25,False
4380,40,45032.41643527471,139624.79617890227,2.2780206,11.861969,22,False
4390,0,16103.577614927684,30632.273307738687,-5.98624,-6.2517853,7,False
4400,6,17576.79777433876,10822.46071833943,-6.090066,-27.069517,7,False
4410,31,54784.051593506665,185903.33813033052,-29.624544,8.518722,22,False
4420,39,15210.785581290666,31298.398169874446,0.3991673,-0.42793363,51,False
4430,48,873.876993632399,27708.95898441513,0.00016715309,-0.008016413,55,False
4440,40,1667.2588281367714,20282.929670045203,0.007124847,-0.013903636,53,False
4450,45,472.6637282466257,9255.832539539595,0.0009004125,0.00043789844,53,False
4460,59,10358.901920570539,22812.186436201155,-0.87371284,-4.2243524,53,False
4470,69,6589.500663935015,31320.932138108532,0.027881932,0.47253007,37,False
4480,77,790.8836829774654,14168.328906402478,0.0011624423,-0.027191162,22,False
4490,47,28050.385131045885,41041.81448230572,-5.2241726,6.977944,25,False
4500,55,12235.483970812107,34814.271556360334,-1.3466105,-3.1534796,34,False
4510,44,3010.350145747169,7703.6554959317855,-0.49210516,-0.9877567,24,False
4520,75,6534.89051170714,23614.841900804673,0.094782755,0.13185945,37,False
4530,81,9463.691668688281,27453.427800549787,-1.5303148,-0.4883679,31,False
4540,76,476.17853794559034,15732.048181975544,-0.0007176255,0.0010089297,33,False
4550,73,429.64171119666673,17181.685132721996,-0.0001294685,1.6183563e-05,33,False
4560,49,11018.435732897842,16437.45120144848,-1.8384353,-0.35522044,33,False
4570,43,4766.0553920406755,13027.759822778435,0.51679486,3.8760426,3,False
4580,5,48319.26941707625,134452.2871504981,18.812721,45.51138,4,False
4590,29,828.7339742040265,25436.2270787159,-0.009216309,-0.0023260117,8,False
4600,30,368.8075378839212,6141.514145550754,-5.6340145e-05,-0.0005187988,13,False
4610,33,365.4846097990995,3975.948440309557,-0.00286161,0.0019419744,13,False
4620,27,784.3889341391807,12583.975127121,0.0033545862,0.0033892118,13,False
4630,31,23430.214702388024,12774.861486528924,-7.294863,-20.80483,12,False
4640,74,8638.286172615492,6896.282041796145,-8.75289,-7.964617,25,False
4650,65,847.6042708717317,9983.529736521046,-0.008195241,-0.0042304993,12,False
4660,65,366.9277858107778,5514.236483866102,-0.0001083374,0.0033981323,10,False
4670,238,37414.12959030318,101996.18122263206,-7.4849257,-24.097132,12,False
4680,264,8520.02664315083,8721.486914511768,-0.5031767,0.03296027,49,False
4690,241,6212.0640692124225,2780.4424108404046,0.37185287,-0.04269762,53,False
4700,250,3312.6685617489716,7069.9550210733305,-0.0056614424,-0.0021205398,53,False
4710,243,12745.40783968877,14257.285295595371,-1.079159,0.33022436,53,False
4720,227,8333.379806537081,7824.980638953683,0.46079105,-0.40288782,56,False
4730,227,6902.093522982719,8749.668793731566,-0.1998031,0.06848759,54,False
4740,258,7109.788112173245,9863.653075813241,-0.1352858,-0.064168915,53,False
4750,232,6706.147478247105,5153.127011824956,0.24158387,-0.054584365,55,False
4760,252,7721.198482101078,11431.78901134901,-0.85930645,0.05501542,52,False
4770,230,8178.374777423691,4779.656054571291,0.40962893,-0.35392892,55,False
4780,211,13410.71832527997,4316.2029609368465,-0.32173198,0.22165267,56,False
4790,238,7717.011403386677,8689.856845771395,-0.24164402,0.01628957,47,False
4800,217,7264.332660334327,7654.760740872311,0.4072438,-0.32480502,56,False
4810,242,8566.448505652736,3794.528165661707,-0.3920687,0.0006171509,54,False
4820,222,7986.414965427229,11481.269703303724,0.1983295,-0.035304,53,False
4830,203,14117.246225804805,20545.461786000335,-1.8987488,-0.09502411,35,False
4840,222,10224.116049810858,10964.789920468153,-1.2937503,0.8109744,52,False
4850,222,13096.22804474632,6217.422456291674,-0.82658356,-0.40716395,51,False
4860,243,14827.68029733579,12872.482433470243,-0.101202086,0.15590379,52,False
4870,209,12783.089728230809,10681.979404586025,-1.554469,-0.35527062,63,False
4880,166,18418.775122140993,10350.616793215755,0.29333338,0.27849677,58,False
4890,185,9412.208242490176,19121.208225423412,0.7438195,-0.034577154,57,False
4900,115,29718.870166949484,35434.917355625366,2.2220075,-1.7085122,45,False
4910,123,10803.62564142242,9872.337008023987,0.533679,-1.7613485,8,False
4920,100,6014.725762659508,6974.055778383193,0.07959832,0.4798516,9,False
4930,156,11840.160429656347,10225.306352378886,0.4630323,0.5993489,7,False
4940,151,6340.195974889104,22479.02956090409,-0.47816607,-0.80347323,11,False
4950,151,22038.256804929013,17758.160208760364,-5.1172724,3.0327137,13,False
4960,151,45318.24933732546,30279.447815308653,0.045561217,0.076573946,5,False
4970,200,19570.025166054336,6909.760632612391,4.060094,2.1220114,14,False
4980,238,17485.89016893335,8730.50353645195,4.6757083,4.6648645,14,False
4990,237,19165.479487870893,11157.982075626398,-5.3444805,6.29875,11,False
5000,228,20835.678030724128,6675.401560954966,-3.614219,-0.20311338,11,False
5010,239,1836.1620298873409,6962.614451483006,0.0020306904,0.0038283665,12,False
5020,222,11338.664383427176,14909.07730210022,-1.7281227,-6.1092706,12,False
5030,243,9411.498180417399,21198.533392666577,0.00040926252,3.139516,14,False
5040,243,1496.098593007827,7870.94594060968,-0.0030533927,-0.008101872,14,False
5050,235,11367.976996809943,2688.476892219831,1.170943,5.1180325,13,False
5060,251,11680.775616370687,7769.701796079436,1.5990524,-2.103005,9,False
5070,191,12133.303548498241,25338.261582042283,-3.0679963,-4.972616,12,False
5080,230,8771.776615942748,17897.55888382547,-1.6021957,3.4591904,6,False
5090,209,15735.354397025827,9077.253549394773,2.9103236,2.3225207,14,False
5100,162,38348.722990472575,73251.38181631798,2.7899404,-1.802006,13,False
5110,152,33425.46182179089,83997.98913069289,-1.2151201,-0.0057663457,31,False
5120,151,5878.407692564373,16355.220022977373,-0.3047262,0.3174789,54,False
5130,153,8856.908715799209,23280.37297811184,0.62818986,-0.6743153,55,False
5140,156,8719.963417354456,5235.036198537695,0.36096743,-0.36722434,52,False
5150,154,9833.577629733749,11064.834747975226,-0.9092173,0.9340258,55,False
5160,155,5883.045129862595,10836.629180700058,-0.30215397,0.30352512,55,False
5170,211,37229.860931784315,87547.60972179651,2.9435387,14.85915,49,False
5180,220,8698.491076043018,5487.5183826571365,0.040807936,1.1907369,18,False
5190,214,18993.075422374335,24224.167890765617,-0.78295994,3.5403013,16,False
5200,214,13199.36528777047,3451.8806468358666,0.0034009493,-0.003451274,13,False
5210,215,9837.424408858245,21459.988769801348,0.49842754,1.7667283,19,False
5220,235,15573.633904776367,23970.244804757418,-2.8352444,0.04008805,19,False
5230,233,6486.087187203083,6379.89576717363,-0.0048618317,-0.0008187294,16,False
5240,220,8924.919551458153,23981.59298295257,-0.2379384,1.8691965,16,False
5250,218,9075.71336039212,22312.40565246159,0.12985039,-0.995796,12,False
5260,216,7526.421460428588,11546.09925472668,-0.0016833714,-0.0025416783,14,False
5270,202,8599.767787562638,10041.079722818657,-0.20645294,1.5939838,15,False
5280,223,9957.44816707574,22213.185498707742,0.1065875,-0.7845492,11,False
5290,215,6262.0373681414585,6718.295766040671,-0.0009531294,-0.00086471013,14,False
5300,167,9595.17269255744,43860.703163538084,-0.0016430446,0.027437482,14,False
5310,20,40475.803488009966,44440.622452886506,-6.8148065,7.6439834,20,False
5320,43,46131.19853201302,52676.908451426796,-0.1560238,-8.991417,27,False
5330,26,27689.088536822586,70295.2710073729,-10.430312,3.6575677,27,False
5340,0,51051.50352340272,93947.92180777603,4.12053,-3.5440004,18,False
5350,0,37996.43962268044,85039.52038905205,7.1616664,-9.222576,30,False
5360,51,27177.28373108689,8534.934914807494,-3.808527,2.1711407,29,False
5370,46,41301.66977254068,37623.59068456917,9.441417,1.9590425,31,False
5380,91,7109.529028001784,27479.473903260958,-8.065831,10.519066,19,False
5390,144,66974.49496636761,114187.64532995678,9.671575,1.5281737,18,False
5400,146,5326.580235010077,9236.133931467213,0.0040122583,0.021338614,19,False
5410,147,4510.97860779676,7831.10400901431,-0.00171822,0.00096090214,19,False
5420,175,13432.745884591131,19873.007975643748,0.7448856,-1.8509804,20,False
5430,166,18143.962218876008,16829.513480787256,0.70328015,1.382589,51,False
5440,168,20723.109756983868,14555.757005391371,-1.0292226,0.89819187,63,False
5450,163,14547.515526714518,14684.459404417992,-0.2604192,0.058536444,55,False
5460,251,16103.104949046317,9064.369807107387,-1.8260059,-2.2942088,22,False
5470,254,4444.28599439775,8920.308178532847,0.027594794,0.2399143,21,False
5480,215,6427.634090394381,9978.119061225918,0.17581509,0.8478218,23,False
5490,194,10733.55411781205,5593.493720386213,0.87495804,0.8617365,19,False
5500,181,16182.75282515308,16285.373069107136,2.351533,0.5316096,22,False
5510,165,11481.379490287742,19190.509216797767,-0.8945983,-0.20887788,61,False
5520,203,4822.001866445097,12316.232865612765,0.01418175,0.056468062,56,False
5530,215,4907.38341685261,12459.104863512466,-0.011157003,0.10163381,58,False
5540,186,6612.48311907108,20667.770126455347,0.028143866,-0.17976132,55,False
5550,195,8016.935574145523,7218.556503900209,0.069008015,0.5563108,53,False
5560,203,12739.312147835926,17723.724044342373,0.048403464,-1.2020568,59,False
5570,219,5765.838447268532,17421.94501196695,-0.055349763,0.572255,23,False
5580,212,4445.250274169049,4221.410427807275,0.004449324,-0.008627111,22,False
5590,212,3233.4098100921265,6498.464895650357,0.00028320312,0.0014770508,25,False
5600,209,4049.0295133525515,7247.982891812038,0.07680878,0.19597961,25,False
5610,227,3254.6319300344853,7244.612204942374,0.015998585,-0.0028125127,60,False
5620,229,3414.6216481478587,6020.271090241701,0.0007471357,8.828299e-05,14,False
5630,229,3338.294924059287,12524.155380703323,0.00076593674,-0.0011345999,14,False
5640,206,4086.08798241056,3669.9607627330297,0.00333895,-0.0063160486,14,False
5650,220,4132.475650260991,3919.0516710040965,4.841731e-05,-0.0001296997,13,False
5660,218,2845.7846018277633,5541.815045632613,-0.008197198,0.09022522,13,False
5670,208,3603.018734339304,15129.978849952171,0.00081311737,-0.081574075,13,False
5680,18,27075.093019230793,94000.24474436224,-8.045433,33.466724,13,False
5690,17,509.15125454033796,14468.86401898919,-0.013961792,-0.0021591187,4,False
5700,17,920.1613988860868,11422.316577647462,0.022628784,-0.010004044,4,False
5710,17,10237.971820629318,6735.310386314798,-0.42353058,13.888704,4,False
5720,17,11206.330532337515,11147.525824145912,-7.581291,5.7056828,4,False
5730,15,6441.075686560436,4743.757582339132,0.29870605,5.5563793,4,False
5740,8,7665.370702060012,4790.046972629809,0.7843399,10.52799,4,False
5750,17,6107.209837560848,10131.468304248896,0.4015274,5.8454037,4,False
5760,23,2675.261669444692,6964.0883107554,-0.10208893,-1.4329338,4,False
5770,17,8006.588474500235,17157.63410263781,-0.9082947,-15.502218,4,False
5780,27,13452.110280547064,20024.12604834478,1.9996147,-4.915332,4,False
5790,25,1052.7996010637542,27074.176183219315,0.016771588,-0.014604296,7,False
5800,175,55587.85732513892,112258.91182440707,22.302708,0.3851144,7,False
5810,176,1118.021913917612,3129.434453699262,0.0020680283,0.006048896,33,False
5820,165,2340.9745833733436,15723.427425342097,0.002649454,-0.0022177328,26,False
5830,190,25379.412089329413,5445.256284143107,-4.8193455,3.264646,26,False
5840,189,6580.3857789646345,20303.324112075836,0.0017868042,0.002361145,25,False
5850,182,7279.796769141292,33276.80435378373,-0.00020249684,0.0112810135,24,False
5860,181,5710.988705994786,9314.717816445112,-0.012424635,-0.11459052,23,False
5870,184,6094.981542219796,38145.34535169396,0.019800458,0.50509894,21,False
5880,197,8218.402886206055,21059.25307317427,-0.3289675,0.5883819,21,False
5890,180,19783.276144258816,3499.9257134973595,3.8401148,2.363936,23,False
5900,169,9410.36322359557,25766.327367321872,0.37788925,0.40651837,20,False
5910,167,9576.286023297342,31774.35991487476,-1.069837,0.21733057,21,False
5920,143,7787.86280053777,9657.41973821165,-0.22812979,0.60163385,21,False
5930,177,9910.874280304437,33538.340269011525,0.010506221,-0.77035373,14,False
5940,180,5760.1703099821625,28182.38233364951,-0.00032563644,-0.0011288903,22,False
5950,166,8868.266234163248,10260.241810015981,-2.7884119,1.3029957,21,False
5960,172,15660.511581682125,31574.580947338003,1.4767497,-0.8629058,13,False
5970,171,4521.32303645736,25567.98635012151,0.002315687,-0.001695467,23,False
5980,208,53821.54059482133,80590.050452894,-3.713056,17.697876,23,False
5990,204,1399.2097769812788,16575.79325401955,-0.00083786144,-0.0011655239,57,False
6000,185,2619.645395850362,7146.909961654757,0.005020978,-0.0011003227,57,False
6010,152,16350.154372359913,6846.28001180203,0.4582541,1.4666052,54,False
6020,152,623.1468526759965,11662.71537850427,0.0014101778,0.00082302094,56,False
6030,153,1491.4010191762643,22798.62780958538,-0.0044509154,0.0020900192,57,False
6040,141,8880.584271319089,16335.725205818075,-0.6088269,0.99920195,57,False
6050,158,18645.5228406178,10486.575704203922,-0.36356494,-5.498176,65,False
6060,193,14199.38526838398,14533.113018207765,0.27369106,-1.4345688,58,False
6070,195,5820.860331600476,7302.187891310385,-0.9833296,0.02376966,61,False
6080,183,6395.184985596586,12394.259558360072,-1.1014916,0.04468271,64,False
6090,148,15455.176737908887,9736.272900858932,-0.122019246,1.4069495,57,False
6100,199,18316.981246919484,33735.31087747673,-3.9020705,-6.7946577,64,False
6110,197,640.4646750602253,28445.88567789725,0.0029329485,-0.002824045,62,False
6120,182,45302.49177473575,52225.39910809682,0.37052,-1.0997106,61,False
6130,176,3621.6541800674454,5206.185935980389,0.0069473265,-0.012166214,20,False
6140,189,4916.94569829686,3717.462575467304,0.20524682,0.14353222,18,False
6150,179,4606.481412097524,12038.304448717021,-0.005535489,-0.0069231307,21,False
6160,180,3466.5666011199037,12700.400544864717,-0.00018292382,0.0055512926,21,False
6170,191,7082.615900922483,4388.484248576039,0.17235982,-0.3399491,21,False
6180,185,6764.987583137164,28007.978684653415,0.36716574,-0.033385783,17,False
6190,191,3119.2840524710155,12083.229617945692,-0.0005533695,-0.0014204979,16,False
6200,186,7273.501976352244,12977.378857072796,0.86214423,0.96717566,17,False
6210,203,11396.312166661635,21500.156743614683,2.337963,-4.0013227,15,False
6220,201,4848.97061240837,16204.707649322156,0.0004219055,-0.0004627228,20,False
6230,204,3218.891268744566,5584.260380748734,-0.0019312772,0.007440047,22,False
6240,191,13806.10665611417,5031.671292920474,-0.1322996,-3.5971253,22,False
6250,212,9440.236384752237,4697.829285957505,-0.31527117,0.95726186,63,False
6260,216,10294.126432097091,13833.282835249194,4.4363837,-0.67476654,19,False
6270,232,4591.28369848782,14745.730907622043,0.09680209,-0.19242328,23,False
6280,239,3932.6332145268775,10135.958267475256,-0.00043239593,0.0017993927,20,False
6290,240,4245.458161376697,3264.765535226075,-0.0010471344,0.001737768,22,False
6300,6,42550.96525344637,79548.65615458252,3.128411,18.165047,22,False
6310,6,24492.354705091137,6274.367059712079,-21.552563,-47.35704,5,False
6320,43,19834.201168688392,5445.676450175864,5.1232095,-12.301738,6,False
6330,41,10077.864456322084,6664.975168745942,2.4165003,-3.642877,17,False
6340,32,9735.756262355791,4028.3026202111478,2.0945299,-3.2822995,18,False
6350,35,8894.745752409115,10453.188413111093,1.739893,-3.3257217,16,False
6360,44,8562.986511725918,2508.749090682446,0.1192112,-4.593616,16,False
6370,48,23308.51870025206,8969.808359156845,9.338675,21.80933,13,False
6380,187,43931.27941455837,80697.90014616241,-12.88941,-18.260637,17,False
6390,212,4311.660121113444,9647.418203851224,0.022086907,0.03288994,20,False
6400,211,4514.135576165164,8439.886492127724,0.0023261176,-0.0054444205,18,False
6410,200,3761.1649790988963,4763.461136610647,0.00055433577,-0.001762089,57,False
6420,192,3627.164043712388,18388.306664834585,-0.005168724,0.005867767,20,False
6430,199,3695.0462784652645,16457.892513927778,0.0010040284,0.00022659302,20,False
6440,201,5871.142989231314,3608.2480513401515,-0.007965996,0.83947355,21,False
6450,211,8770.847963566579,21618.197103366412,-0.4017009,-0.54773796,60,False
6460,221,3198.6697234944404,14926.394407223735,0.004670461,0.0011651781,18,False
6470,211,3733.0073667219035,7100.304782190691,0.0004376863,0.0012556377,19,False
6480,226,4205.524818616578,9403.983304961786,-0.0024259568,0.00803299,20,False
6490,207,5994.574213403317,9768.689983820757,1.0021306,0.24793926,19,False
6500,217,9355.707348992913,18673.75007865319,0.93078345,0.5089071,17,False
6510,204,4065.3941998285973,12568.52847393043,-0.04077748,0.20235261,21,False
6520,204,3228.599696462849,18990.10689806669,0.0007448698,-0.0048225806,19,False
6530,210,54903.142842646084,40864.02894967651,12.47313,-3.6447124,19,False
6540,173,26449.44655375609,6732.678961602135,1.4799149,-4.5147476,35,False
6550,186,16502.1734023128,9983.34252642871,-3.9552774,3.6755886,43,False
6560,184,9488.298951866978,16751.82240832322,-0.0031229102,-0.00089261844,46,False
6570,56,39328.89718769139,97623.9684196458,2.4421227,-2.8842254,46,False
6580,57,1363.5270441029031,43732.400528669816,-0.002586718,-0.009715875,27,False
6590,59,583.9888697569501,4508.2517675924,0.00039155668,-0.0034468174,26,False
6600,54,1283.7020682385769,49220.14256379191,0.0022849303,0.0058488664,26,False
6610,51,500.6785395840329,27250.21772390085,-0.0013091748,-7.8403034e-05,26,False
6620,26,18882.64263814787,195519.55018360695,-0.8491724,-6.4596086,20,False
6630,8,2429.108684270838,12849.564194944513,-0.019090924,-0.22839901,7,False
6640,21,4714.601149620188,21281.147290501045,-0.010253906,0.2024547,7,False
6650,22,440.8287649416721,27409.053577239767,0.00030953545,-0.0003629412,7,False
6660,35,14031.191966472414,12020.669448911736,-1.2969753,-8.9314785,7,False
6670,32,636.2923856215789,4128.387820929618,0.0009460449,0.00089808874,7,False
6680,41,1393.7316814939668,9962.022284656865,-0.0005836487,0.0015830994,8,False
6690,241,56988.34994979237,77700.27855805923,7.9104548,19.72569,7,False
6700,238,5665.0840240900225,4678.7577411103475,-7.540385e-05,-0.00226202,30,False
6710,243,5379.147051345594,4004.9167282229478,0.0004348177,-0.00028910782,33,False
6720,250,4431.07503885908,13223.157792297572,-0.0019847646,0.0016900651,34,False
6730,310,19504.87185294997,13514.961561173603,-1.0356792,0.25744247,34,False
6740,258,20444.326181119297,9153.371946993086,0.48728698,0.55734485,36,False
6750,254,4711.079706394278,6704.123059729736,0.006016612,-0.0067864656,32,False
6760,258,3994.9813516460877,7501.8585697145745,0.0358252,0.010213507,36,False
6770,254,15010.54899062656,11846.29131838315,1.2086397,-0.83259016,31,False
6780,260,4236.033049918284,6791.137459954702,0.08832024,-0.002732392,29,False
6790,255,16480.366652474695,18778.30439629734,-1.37572,-1.4220235,34,False
6800,255,3810.4314716315266,17737.370267319788,0.00039852367,0.0006592414,34,False
6810,252,19235.28013832915,11235.192299199867,-0.08943699,0.18121246,35,False
6820,282,9626.89056757165,7638.333980653111,0.20769681,1.1590375,38,False
6830,290,14849.842524417558,4339.9914746460045,0.3791987,2.987437,39,False
6840,215,20291.654713206608,20872.25488537355,1.7073773,6.189925,30,False
6850,283,16004.800498600413,18018.600500593824,-1.5523887,-0.8537225,29,False
6860,217,28312.89511865574,10310.89724514797,-2.023461,-3.820214,25,False
6870,243,26793.659585805,8668.262340284817,-0.025074445,0.01169511,26,False
6880,309,32142.750100139223,26205.63828644515,-1.4079695,-3.1337476,27,False
6890,327,20125.401312768896,11541.044406811716,0.1089963,-0.16093497,33,False
6900,362,10698.095204287538,9303.932716867637,-0.00044143677,-0.0024762726,25,False
6910,367,3260.7371865883333,3488.796067413514,0.0036312826,-0.0016294685,37,False
6920,348,2829.821725833626,5293.440469108914,0.016734045,-0.020602278,37,False
6930,362,4646.700765059011,7608.382482499154,0.0024597168,0.0044494495,35,False
6940,355,5007.585845494813,2146.4715232213075,0.0028041294,-0.00045255932,35,False
6950,351,3287.607184564482,3765.2808660178325,-0.001437929,-0.00095640286,36,False
6960,344,9604.376294169237,13024.188036111887,0.31014192,0.27825662,38,False
6970,321,11632.376885228574,3052.434110672989,0.0126583995,0.6430686,34,False
6980,344,9363.487758308866,5873.989274760382,-0.0014942884,1.9133091e-05,32,False
6990,345,11481.376398324375,11144.880708199616,-0.006477356,-0.6472908,27,False
7000,322,3768.171705217266,12082.56082128288,0.0003489292,-0.043806728,33,False
7010,192,53934.97802910464,30632.221075201192,-2.9001958,3.7888813,32,False
7020,197,16404.245639467852,12068.406771401103,-8.576957,3.8072343,22,False
7030,222,12012.557887477587,9861.561438230763,-1.8788593,3.8251936,23,False
7040,225,26647.84738022942,13566.037741359854,-0.48233694,0.4555684,19,False
7050,234,32967.13185886816,30106.484118873796,-0.6252191,-0.81545895,18,False
7060,195,8874.314114341458,15870.928706285591,0.003338864,0.0011600695,19,False
7070,188,10353.435468480982,18534.611352817734,-0.6231555,0.024718033,19,False
7080,213,3360.46395606321,7950.815555652137,0.0022295997,-0.008730208,21,False
7090,200,6179.440508654485,8366.764249098931,0.56068313,0.88077146,21,False
7100,205,7159.155466952789,1612.3324719176253,0.032435186,0.07428616,58,False
7110,211,3515.640766631312,9805.50814593512,-0.0018308163,-0.0069532394,16,False
7120,209,2506.1925305131685,8624.907071963153,-0.0152282715,-0.0027298927,16,False
7130,212,1970.6638475397067,4232.537773015145,-0.013404846,-0.0022563934,16,False
7140,219,2148.1329102269256,10371.746140356503,-0.009931564,-0.018444061,16,False
7150,220,5316.537124858623,8273.3800831341,-0.7355176,0.22721593,17,False
7160,210,6779.570266617199,5307.1698672644725,-0.105700076,0.7038681,25,False
7170,214,2608.014953944858,13168.016175567222,-0.0073825074,-0.002659607,25,False
7180,204,6940.656092906491,2101.537532379567,-0.27953625,0.19265716,24,False
7190,204,3041.7192506870188,11918.696069621039,-0.0007173289,-0.0024493674,23,False
7200,217,2586.7634217299424,8426.865134793603,-0.0023186726,-0.0066860034,23,False
7210,227,5600.642820248404,5516.599677337481,0.6040864,-0.92319125,21,False
7220,208,4868.859003914572,11128.957183851504,0.017728806,0.42297745,22,False
7230,47,38742.30408739264,159171.00027957355,-3.763413,12.574863,15,False
7240,44,624.3012093533057,9750.482962397298,0.0028282334,-0.0002374088,34,False
7250,60,16957.74132955212,17583.08186866,1.5738785,1.9446129,34,False
7260,55,1446.6181251456792,10576.339158707044,-0.00990747,0.0028749353,34,False
7270,55,399.17038968340324,18552.242020844813,0.0011217935,-6.888253e-05,35,False
7280,27,9575.098276258057,5397.4321672439755,0.19516103,-1.0216243,35,False
7290,49,17892.68096177876,17095.435999119763,1.5509822,-0.60167676,37,False
7300,48,1618.4183637119297,9959.473480059074,-0.0013901392,-0.0001241896,36,False
7310,46,16758.160609088336,7114.409321932496,0.6394765,0.3203222,37,False
7320,45,14109.69574441632,17024.07377803562,0.6599439,4.0624056,36,False
7330,58,27255.136781898564,8489.98669021336,-2.1002686,-2.829344,31,False
7340,78,22703.160572924644,29563.127574734037,0.29861337,5.553541,40,False
7350,48,27565.622956864227,22983.975591703016,-8.337795,11.539698,29,False
7360,52,21806.009194715112,18416.855757701964,11.977599,1.4736912,26,False
7370,49,769.8266038531015,11382.538996199399,0.007668495,0.0053892466,29,False
7380,51,22313.641724290548,48150.04041535168,6.042102,-1.8799697,28,False
7390,48,969.1780022266291,26529.081589832695,0.001169548,-0.0031149292,25,False
7400,48,668.5678723959146,44555.818363037615,0.0011987304,-0.0045217895,25,False
7410,104,19136.878820748174,68759.11106173493,-2.8108258,-2.5618832,25,False
7420,75,6991.3969276533,9764.32475903992,-0.0025842567,-0.24744616,19,False
7430,81,6635.689338719829,30733.235918139177,-0.00035967652,-0.011701796,27,False
7440,40,3729.2799573107945,27181.09740242288,-0.0031402023,-0.43210065,27,False
7450,84,7027.475435745045,19293.384773025184,-0.00017497414,0.001023142,19,False
7460,84,368.765508148471,39044.73104018006,0.00016502097,-0.000771134,27,False
7470,85,1046.9947468827147,37087.05356320451,0.00019451424,0.004573681,27,False
7480,82,508.85361352750556,6523.741411184229,-4.086671e-05,6.188286e-05,27,False
7490,84,352.44290317723807,39031.25058206565,-0.0011335303,-0.00015936958,27,False
7500,44,3329.7079451507457,62923.41986891685,0.0015717259,-0.34464687,27,False
7510,88,6755.029755670955,4730.2437569326175,3.603885e-05,9.7174394e-05,19,False
7520,86,312.92810675936414,58944.72860231015,0.000261554,-0.0009132668,27,False
7530,85,1091.183760876233,42216.949439768854,-0.0022616563,-0.003246166,27,False
7540,87,437.781909173963,4516.4842521589735,2.6556161e-05,-0.0008547856,26,False
7550,90,375.35583117889615,32609.10455685651,0.00021659411,-0.0003568209,26,False
7560,83,1161.8799421627004,27360.553576271075,0.00239585,0.0068773124,26,False
7570,52,14522.20582418525,23460.141687551677,0.9463437,-1.2729105,27,False
7580,53,383.8906094188812,50575.992585415464,0.0006245041,-0.00048828125,25,False
7590,60,1394.183632094424,19186.797856859805,0.0029678345,0.006207148,24,False
7600,60,421.3573305402435,15546.997716601107,0.0010493597,-0.0010417303,24,False
7610,59,314.7681686575058,63800.90422556721,-0.0016280321,-0.00039614164,26,False
7620,61,1201.652612030615,62340.4217021348,0.0009208459,0.006089724,26,False
7630,59,12329.573431388451,9170.925035131408,-1.8267035,-1.4437997,25,False
7640,44,21476.200827893186,10651.880115735437,-4.0508018,-1.1687334,27,False
7650,70,19660.047126087975,18875.21380011363,0.62475085,1.7478437,16,False
7660,76,904.4893586991502,26251.820470207396,-0.0015744749,-0.008523361,23,False
7670,36,24342.867497482708,13482.642990155899,-0.3598623,0.23103665,23,False
7680,72,24582.34130427775,22218.977744261774,3.3151917,-1.5501435,10,False
7690,73,6890.900521702515,15355.224583183406,-0.014923996,0.30945334,18,False
7700,193,56979.87417501025,145218.11789855975,9.724716,2.0967855,18,False
7710,171,5440.299624101599,12966.70960575581,0.006548246,0.36466408,12,False
7720,165,5870.632333914295,3210.651024325129,-0.053044084,-0.060279846,53,False
7730,160,6246.300104862077,3132.2694647810877,-0.105969906,-0.15538654,40,False
7740,173,5730.030802709528,7409.077540422964,0.008809196,0.0015801324,36,False
7750,157,9178.586438008851,10362.467949286984,0.18620202,0.66145825,35,False
7760,156,4398.739705870307,7809.617148106558,0.10990731,0.10964872,61,False
7770,63,33225.18264810594,99924.36957019044,4.6263285,3.8963878,60,False
7780,66,1014.9073849371675,82823.31221341006,0.0030906678,-0.0061383056,25,False
7790,71,527.634343082404,67427.60446582691,0.00150123,0.001720135,26,False
7800,61,7285.925061376901,71409.3413917255,0.038013164,0.2902826,26,False
7810,57,4999.9742999339505,10540.607382878845,-0.00037938898,-0.00045915085,22,False
7820,60,338.87608354677377,66815.50559563251,-0.00039672852,-0.0009016557,22,False
7830,55,1251.9592645130272,55638.59802331471,-0.005674709,0.004189231,22,False
7840,207,65334.3778113789,153708.89228668588,-1.6945411,21.481266,18,False
7850,136,16434.07487508804,13248.69404884874,-0.20556399,3.97723,53,False
7860,209,25368.071172243268,18415.76878655898,-2.5685542,-1.1317837,55,False
7870,207,1957.898618417205,4557.015251236274,-0.0038614036,0.033169627,40,False
7880,219,3558.2058681307353,13889.034163684673,-0.0016568991,-0.03330095,39,False
7890,205,1561.324117536138,15150.94881517326,-0.99006,-0.4399774,40,False
7900,196,10054.188032854767,5161.78302527334,-0.018746492,2.1479313,41,False
7910,220,14150.007915192133,16769.239100209645,1.7795467,-1.050417,39,False
7920,234,2217.2913656080473,13490.492059224527,0.00086388056,0.0035592716,45,False
7930,189,17345.642334603814,8101.874227609313,0.014571213,2.7329366,41,False
7940,196,23623.692175441163,15204.594897595924,-0.25237438,-2.3793654,51,False
7950,197,4333.9322791201985,5748.021398707559,-0.0018379942,-0.002489303,47,False
7960,63,39637.43113522873,157971.77342170975,-2.1621268,-0.60652035,42,False
7970,61,17216.904861211264,27629.59818745108,0.00054981397,0.0005831511,23,False
7980,66,6022.71940239623,40098.20913706745,0.6536321,-2.1764188,23,False
7990,65,384.0169267102689,2879.186690716668,0.00039190054,0.0012364388,32,False
8000,60,12464.856076184755,24602.47837109099,-0.13772634,-0.0057520866,32,False
8010,99,31878.65389253442,19700.475933337246,-10.789087,-3.7385488,28,False
8020,97,11220.371116857053,10405.470196007484,0.38309884,0.6426958,31,False
8030,81,7035.098435700811,68101.07978585949,-0.33049312,2.38453,43,False
8040,63,21315.2078103874,55899.16060192675,-6.041934,-5.0559416,37,False
8050,51,2418.1523938742985,3280.9074964101014,-2.2234256,3.6029842,14,False
8060,79,9427.732972459498,47424.37636912055,0.8784706,-0.3532169,38,False
8070,79,1311.705378505402,45534.476871926396,-5.7438443e-05,0.00707877,35,False
8080,75,7012.290424675806,4383.767101477906,-1.1384207,-1.1558988,35,False
8090,75,361.1509379746922,45390.905653004986,0.00012000831,-0.00051281904,37,False
8100,88,24359.559725085346,54880.80507791408,5.4817996,2.3321788,35,False
8110,88,439.6089171070123,11737.98611346938,0.0010697794,-0.001300354,50,False
8120,225,51540.461067010256,150796.3720054299,-16.814608,-15.571202,42,False
8130,215,7696.044503509579,7327.449215108898,-1.3130615,-0.7045961,11,False
8140,228,7354.3554442248715,8244.93699187568,-0.11017888,0.16874339,30,False
8150,206,7435.726729782369,14659.043283925455,0.06342383,0.13682713,34,False
8160,220,6773.224638235469,10009.051603423773,0.0811859,0.07230679,48,False
8170,230,6959.724491673503,5967.530142362081,-0.10020723,-0.09993191,29,False
8180,70,57867.2730133363,44688.20354411218,-10.943577,6.9396286,33,False
8190,50,21194.18443818964,44909.724114049066,-15.18851,6.968757,31,False
8200,49,43423.026483652655,130408.14969931902,-15.334786,4.8671384,36,False
8210,53,464.4071489544492,105167.47357429483,-0.0026174122,-0.0003947682,27,False
8220,21,30801.67297404477,176670.75232193925,-1.3209592,-0.3968288,21,False
8230,23,525.7214091132298,9105.20850941921,0.00057067873,0.00131073,30,False
8240,23,473.5842058177194,10466.821485054572,-0.004908498,-0.0023406981,30,False
8250,180,53377.357175116864,95548.53677581881,10.602632,-29.572649,22,False
8260,193,6677.938604090337,10111.948476925701,-0.016997945,-0.020715194,22,False
8270,202,5356.9709724806235,13865.334254896274,-0.003230702,0.004021038,22,False
8280,206,6697.550447738337,8127.842395125535,0.003103347,-0.0075465613,21,False
8290,204,5856.014429627031,6967.577053754052,-0.00016675677,0.0028915405,21,False
8300,220,50277.04845155491,58207.755909328785,0.0057258606,-4.6212807,21,False
8310,195,33666.160918643516,29647.16849886343,0.32930842,-0.6085714,70,False
8320,205,7589.370724902033,11359.109208032116,0.41807088,1.7929977,80,False
8330,208,1155.0281381853863,8614.029719010725,-0.025226403,-0.002804929,80,False
8340,222,1503.5202027242601,5894.800081427698,0.0031255342,0.0038959377,75,False
8350,218,413.6894970868852,8232.72385058554,-0.00076118676,-0.0015583618,74,False
8360,216,361.99309385677515,10473.558707526301,0.0007963572,-0.00022062537,73,False
8370,217,1327.6667503556757,12433.97973297367,0.0022246216,0.00023510685,73,False
8380,228,469.86487419257037,5461.696073565427,-0.00054085423,-0.0027010473,71,False
8390,231,368.28385791397375,18428.46846593607,-0.0008846874,-0.00067189714,71,False
8400,218,1301.9124394520547,17445.905651470202,0.00027753267,0.0029451007,71,False
8410,212,372.9302883918119,13186.954159319734,0.00054802693,-0.0014915937,71,False
8420,215,453.5824070662353,17771.74740986378,-0.00075240876,0.000443472,71,False
8430,312,33055.1060957305,58836.24354086518,-4.6686764,-0.19056502,67,False
8440,283,16144.018427888392,14306.51264284906,0.7329643,1.8754482,22,False
8450,276,15021.889128867913,17832.89017517912,4.622223,-0.99317896,10,False
8460,297,15715.968567033977,15227.698250228103,-2.5667772,6.413913,22,False
8470,289,17180.223747087814,15609.733181576166,1.3467759,1.20969,33,False
8480,276,13199.096143297085,1913.0938293769075,2.327135,-1.0489736,16,False
8490,303,15720.401776036133,13842.610953140307,-3.4867995,5.3605695,28,False
8500,296,17645.969596482933,13103.677422769533,0.77409583,5.233587,21,False
8510,307,9721.790730107288,5850.57364708795,-1.0036424,1.538294,24,False
8520,299,15089.539853819268,8577.113267294539,-3.405115,4.0726337,31,False
8530,278,17904.574722679117,7960.67585070514,-1.1056545,2.0574791,29,False
8540,285,13421.383050937784,7048.5077853401,-2.5357108,6.0003543,23,False
8550,299,13701.886001569274,5724.856854105612,-4.5154996,1.5251937,26,False
8560,276,17761.844526962846,5218.468740923912,-0.41721216,2.1085718,24,False
8570,304,15579.617325210527,3468.9084738574466,-0.88361466,4.7004485,28,False
8580,275,12936.7933816692,7172.080869594263,-3.3849404,1.561257,33,False
8590,268,16934.42502714515,4214.019933507671,-0.19137974,-0.11938838,19,False
8600,290,16061.56966177341,10982.291290982952,-0.288252,4.3871746,43,False
8610,281,9222.888159356591,3201.500898016429,-1.5145714,2.3754883,23,False
8620,280,15960.101691405353,6384.625752540238,-0.07429657,0.091833495,20,False
8630,299,15226.201528943455,15481.743248097095,-1.5317439,4.5165586,30,False
8640,292,12195.959043880068,4307.271526152025,-0.8628295,-1.6006429,28,False
8650,295,15912.964368715215,8048.636282004549,0.0011045015,0.9025653,13,False
8660,299,15116.306096398022,4741.26481015351,1.8585981,6.474636,23,False
8670,9,79870.96802343139,230257.7166958797,-1.3830376,3.503674,28,False
8680,7,7751.464764804134,2785.487749030679,-6.327759,-3.1791174,50,False
8690,1,7024.195398762765,10275.559936081343,3.6471405,-5.2740555,33,True
8700,1,5408.658983518928,1058.9693102257497,-0.2012436,0.33279574,100,True
8710,3,7788.549736632616,2791.5687346006725,-5.1374774,3.0926936,100,True
8720,2,4965.896797155575,1207.1967528120674,-0.00035186767,-0.0007648468,100,True
8730,9,9880.668702066678,7612.457947338691,1.7664005,-4.582946,100,True
8740,0,6566.536986875198,2033.2466648195934,-1.3847878,-0.23369183,62,True
8750,8,7484.0055451609605,1050.8824862942574,-1.895128,-5.6445303,62,True
8760,7,4085.896719203754,4851.272410409459,-0.6068095,-0.26620805,55,True
8770,6,6600.679207475546,1636.533531584367,-0.81412023,-7.969018,49,True
8780,12,5797.692989457099,2695.215019251711,-0.27218193,-0.17050879,49,True
8790,4,9076.357694582117,3498.100627483435,4.0881643,1.9743388,53,True
8800,0,7823.460743174979,1253.7966342274174,-0.48913518,-0.31781656,27,True
8810,0,8733.65095478403,4702.9375926116645,-3.3717499,-5.1598406,31,True
8820,0,7779.326448992869,1154.3439695342113,-1.4932327,2.0266876,36,True
8830,7,9138.499876894457,286852.08118471096,-0.512234,-6.1592507,34,True
8840,2,4543.8857820152125,12832.468897293304,-0.5288216,-0.0017564774,60,True
8850,6,4526.214201736369,7100.134787452982,-2.8785896,-0.008018032,66,True
8860,6,4486.249212872597,8205.049542812036,-2.1265297,0.5671648,66,True
8870,6,4083.6093104017677,11695.17712563602,-0.00013319112,-1.3577736e-05,59,True
8880,4,3920.2716742593234,13196.894710499133,-0.89811474,0.8174093,65,True
8890,4,3700.9323149714587,4464.663481159582,-0.8904407,0.1555042,63,True
8900,0,6375.335599009671,6320.18275052233,-0.7649381,-11.308817,59,True
8910,0,3441.322710819199,1667.7194008585498,-3.7379339,0.1337908,70,True
8920,0,3576.3730230500287,16578.905452411505,-3.4790528,-0.10972957,100,True
8930,7,4036.448315041331,13574.89491672035,-2.9178426,0.23030743,100,True
8940,9,4458.713043020373,2479.2797341163423,-0.69179034,-0.034677047,100,True
8950,8,4508.998225770331,6184.799269176001,-6.729126e-05,9.983063e-05,100,True
8960,32,13615.244066853887,280463.66569308046,-4.6370587,7.2410884,100,True
8970,36,6849.275728133596,2376.122892444749,0.010955811,-0.013815562,12,True
8980,36,6834.228925050726,687.3252505182681,-2.7974447e-05,9.6639e-05,12,True
8990,46,12438.91028185347,16257.386321300235,-0.34983826,-3.1299465,12,True
9000,48,3380.6165118214753,6375.575268162082,-0.0010623416,-0.0029395851,37,True
